{"_type":"export","__export_format":4,"__export_date":"2024-11-01T14:15:00.976Z","__export_source":"insomnia.desktop.app:v10.1.0","resources":[{"_id":"req_74a9d6d7f0384bc8a6aca43f072dc022","parentId":"fld_c184523fbda24462bf1c7de352ce54bd","modified":1730470481277,"created":1730470096833,"url":"localhost:3000/carros/1","name":"Delete Carros","description":"","method":"DELETE","body":{},"parameters":[],"headers":[{"name":"User-Agent","value":"insomnia/10.1.0"}],"authentication":{},"metaSortKey":-1730470096833,"isPrivate":false,"pathParameters":[],"settingStoreCookies":true,"settingSendCookies":true,"settingDisableRenderRequestBody":false,"settingEncodeUrl":true,"settingRebuildPath":true,"settingFollowRedirects":"global","_type":"request"},{"_id":"fld_c184523fbda24462bf1c7de352ce54bd","parentId":"wrk_58d1bb1cd2c048cfb48ac6ee18f5f3b3","modified":1730469321515,"created":1730469321515,"name":"Carros","description":"","environment":{},"environmentPropertyOrder":null,"metaSortKey":-1730469321515,"_type":"request_group"},{"_id":"wrk_58d1bb1cd2c048cfb48ac6ee18f5f3b3","parentId":null,"modified":1730466727374,"created":1730466727374,"name":"StockCar Prova","description":"","scope":"collection","_type":"workspace"},{"_id":"req_4d5926a4b1714db591279b0f967d943f","parentId":"fld_c184523fbda24462bf1c7de352ce54bd","modified":1730470095659,"created":1730469989097,"url":"localhost:3000/carros/1","name":"Put Carros","description":"","method":"PUT","body":{"mimeType":"application/json","text":"{\n\t\"marca_veiculo\": \"aaaaa\",\n\t\"modelo_veiculo\": \"Unoaaa\",\n\t\"ano_veiculo\": \"2022\",\n\t\"fabricacao_veiculo\": \"2018\",\n\t\"cliente_id\": \"2\"\n}"},"parameters":[],"headers":[{"name":"Content-Type","value":"application/json"},{"name":"User-Agent","value":"insomnia/10.1.0"}],"authentication":{},"metaSortKey":-1730469407919,"isPrivate":false,"pathParameters":[],"settingStoreCookies":true,"settingSendCookies":true,"settingDisableRenderRequestBody":false,"settingEncodeUrl":true,"settingRebuildPath":true,"settingFollowRedirects":"global","_type":"request"},{"_id":"req_2dcfe959858d4158892272b0f47b261a","parentId":"fld_c184523fbda24462bf1c7de352ce54bd","modified":1730469986131,"created":1730469407819,"url":"localhost:3000/carros","name":"Post Carros","description":"","method":"POST","body":{"mimeType":"application/json","text":"{\n\t\"marca_veiculo\": \"Fiat\",\n\t\"modelo_veiculo\": \"Uno\",\n\t\"ano_veiculo\": \"2020\",\n\t\"fabricacao_veiculo\": \"2019\",\n\t\"cliente_id\": \"2\"\n}"},"parameters":[],"headers":[{"name":"Content-Type","value":"application/json"},{"name":"User-Agent","value":"insomnia/10.1.0"}],"authentication":{},"metaSortKey":-1730469407819,"isPrivate":false,"pathParameters":[],"settingStoreCookies":true,"settingSendCookies":true,"settingDisableRenderRequestBody":false,"settingEncodeUrl":true,"settingRebuildPath":true,"settingFollowRedirects":"global","_type":"request"},{"_id":"req_1987b92a48ec4563b69c6219aee93fc3","parentId":"fld_c184523fbda24462bf1c7de352ce54bd","modified":1730469405307,"created":1730469339218,"url":"localhost:3000/carros","name":"Get Carros","description":"","method":"GET","body":{},"parameters":[],"headers":[{"name":"User-Agent","value":"insomnia/10.1.0"}],"authentication":{},"metaSortKey":-1730469340809,"isPrivate":false,"pathParameters":[],"settingStoreCookies":true,"settingSendCookies":true,"settingDisableRenderRequestBody":false,"settingEncodeUrl":true,"settingRebuildPath":true,"settingFollowRedirects":"global","_type":"request"},{"_id":"req_d815cbd6d14240159b50d078f57ed018","parentId":"fld_64260b6ff426466fbfe832007878e0dc","modified":1730470488057,"created":1730468325643,"url":"localhost:3000/telefones/1","name":"Delete Telefone","description":"","method":"DELETE","body":{},"parameters":[],"headers":[{"name":"User-Agent","value":"insomnia/10.1.0"}],"authentication":{},"metaSortKey":-1730467768082,"isPrivate":false,"pathParameters":[],"settingStoreCookies":true,"settingSendCookies":true,"settingDisableRenderRequestBody":false,"settingEncodeUrl":true,"settingRebuildPath":true,"settingFollowRedirects":"global","_type":"request"},{"_id":"fld_64260b6ff426466fbfe832007878e0dc","parentId":"wrk_58d1bb1cd2c048cfb48ac6ee18f5f3b3","modified":1730467873039,"created":1730467762474,"name":"Telefone","description":"","environment":{},"environmentPropertyOrder":null,"metaSortKey":-1730467762474,"_type":"request_group"},{"_id":"req_12a28a1a8ae34826ba66aa15c48eb84f","parentId":"fld_64260b6ff426466fbfe832007878e0dc","modified":1730468305369,"created":1730468120857,"url":"localhost:3000/telefones/1","name":"Put Telefones","description":"","method":"PUT","body":{"mimeType":"application/json","text":"{\n\t\"cliente_id\": 2,\n\t\"numero\": \"11111111111\",\n\t\"tipo\": \"Celular\"\n}"},"parameters":[],"headers":[{"name":"Content-Type","value":"application/json"},{"name":"User-Agent","value":"insomnia/10.1.0"}],"authentication":{},"metaSortKey":-1730467767982,"isPrivate":false,"pathParameters":[],"settingStoreCookies":true,"settingSendCookies":true,"settingDisableRenderRequestBody":false,"settingEncodeUrl":true,"settingRebuildPath":true,"settingFollowRedirects":"global","_type":"request"},{"_id":"req_29031be72afc4c9bb323c1d8dcd90e3b","parentId":"fld_64260b6ff426466fbfe832007878e0dc","modified":1730468339395,"created":1730468066321,"url":"localhost:3000/telefones","name":"Get Telefone","description":"","method":"GET","body":{},"parameters":[],"headers":[{"name":"User-Agent","value":"insomnia/10.1.0"}],"authentication":{},"metaSortKey":-1730467767882,"isPrivate":false,"pathParameters":[],"settingStoreCookies":true,"settingSendCookies":true,"settingDisableRenderRequestBody":false,"settingEncodeUrl":true,"settingRebuildPath":true,"settingFollowRedirects":"global","_type":"request"},{"_id":"req_18b91a4b0aa14ea09644639b3d933471","parentId":"fld_64260b6ff426466fbfe832007878e0dc","modified":1730468061465,"created":1730467757280,"url":"localhost:3000/telefones","name":"Postar Telefone","description":"","method":"POST","body":{"mimeType":"application/json","text":"{\n\t\"cliente_id\": 2,\n\t\"numero\": \"1234567890\",\n\t\"tipo\": \"Celular\"\n}"},"parameters":[],"headers":[{"name":"Content-Type","value":"application/json"},{"name":"User-Agent","value":"insomnia/10.1.0"}],"authentication":{},"metaSortKey":-1730467767782,"isPrivate":false,"pathParameters":[],"settingStoreCookies":true,"settingSendCookies":true,"settingDisableRenderRequestBody":false,"settingEncodeUrl":true,"settingRebuildPath":true,"settingFollowRedirects":"global","_type":"request"},{"_id":"req_d9b16cfd11984606bbcb3b6a87308048","parentId":"fld_57bfd0f6f6924cb88f4466249f4ce1c1","modified":1730467493940,"created":1730467462101,"url":"localhost:3000/clientes/1","name":"Delete Clientes","description":"","method":"DELETE","body":{},"parameters":[],"headers":[{"name":"User-Agent","value":"insomnia/10.1.0"}],"authentication":{},"metaSortKey":-1730467192710,"isPrivate":false,"pathParameters":[],"settingStoreCookies":true,"settingSendCookies":true,"settingDisableRenderRequestBody":false,"settingEncodeUrl":true,"settingRebuildPath":true,"settingFollowRedirects":"global","_type":"request"},{"_id":"fld_57bfd0f6f6924cb88f4466249f4ce1c1","parentId":"wrk_58d1bb1cd2c048cfb48ac6ee18f5f3b3","modified":1730467187591,"created":1730467187591,"name":"Clientes","description":"","environment":{},"environmentPropertyOrder":null,"metaSortKey":-1730467187591,"_type":"request_group"},{"_id":"req_cf53f2f49f4a46478d6044b6a4a491af","parentId":"fld_57bfd0f6f6924cb88f4466249f4ce1c1","modified":1730467475304,"created":1730467414715,"url":"localhost:3000/clientes/1","name":"Put Clientes","description":"","method":"PUT","body":{"mimeType":"application/json","text":"{\n    \"nome\": \"Novo Nome\",\n    \"cpf\": \"12345678901\", \n    \"email\": \"novoemail@example.com\", \n    \"endereco\": \"Novo Endereço\",\n    \"data_nascimento\": \"2000-01-01\"\n}\n"},"parameters":[],"headers":[{"name":"Content-Type","value":"application/json"},{"name":"User-Agent","value":"insomnia/10.1.0"}],"authentication":{},"metaSortKey":-1730467192610,"isPrivate":false,"pathParameters":[],"settingStoreCookies":true,"settingSendCookies":true,"settingDisableRenderRequestBody":false,"settingEncodeUrl":true,"settingRebuildPath":true,"settingFollowRedirects":"global","_type":"request"},{"_id":"req_e6d8eb99a2af4289924d0614a6ff8e13","parentId":"fld_57bfd0f6f6924cb88f4466249f4ce1c1","modified":1730467411752,"created":1730467201210,"url":"localhost:3000/clientes","name":"Get Clientes","description":"","method":"GET","body":{},"parameters":[],"headers":[{"name":"User-Agent","value":"insomnia/10.1.0"}],"authentication":{},"metaSortKey":-1730467192510,"isPrivate":false,"pathParameters":[],"settingStoreCookies":true,"settingSendCookies":true,"settingDisableRenderRequestBody":false,"settingEncodeUrl":true,"settingRebuildPath":true,"settingFollowRedirects":"global","_type":"request"},{"_id":"req_5033dd52826949b4a66cb2a3d9df806f","parentId":"fld_57bfd0f6f6924cb88f4466249f4ce1c1","modified":1730467192438,"created":1730466732085,"url":"localhost:3000/clientes","name":"Postar Cliente","description":"","method":"POST","body":{"mimeType":"application/json","text":"{\n  \"nome\": \"Edu2\",\n  \"cpf\": \"1234567822901\",\n  \"email\": \"cliente@22example.com\",\n  \"endereco\": \"Rua E22du\",\n  \"data_nascimento\": \"2000-201-01\"\n}"},"parameters":[],"headers":[{"name":"Content-Type","value":"application/json"},{"name":"User-Agent","value":"insomnia/10.1.0"}],"authentication":{},"metaSortKey":-1730467192410,"isPrivate":false,"pathParameters":[],"settingStoreCookies":true,"settingSendCookies":true,"settingDisableRenderRequestBody":false,"settingEncodeUrl":true,"settingRebuildPath":true,"settingFollowRedirects":"global","_type":"request"},{"_id":"env_9dd5609423291db04e815ba7c1dd1a569cd7890b","parentId":"wrk_58d1bb1cd2c048cfb48ac6ee18f5f3b3","modified":1730466727380,"created":1730466727380,"name":"Base Environment","data":{},"dataPropertyOrder":null,"color":null,"isPrivate":false,"metaSortKey":1730466727380,"_type":"environment"},{"_id":"jar_9dd5609423291db04e815ba7c1dd1a569cd7890b","parentId":"wrk_58d1bb1cd2c048cfb48ac6ee18f5f3b3","modified":1730466727385,"created":1730466727385,"name":"Default Jar","cookies":[],"_type":"cookie_jar"}]}